{
  "arabica": [
    {
      "foto": "images/produk/product_capuchino.jpg",
      "nama": "Cappuccino Arabica 2",
      "size": "500 Gram",
      "harga": "20.000",
      "link": "https://www.google.com/search?q=cappuccino+arabica&tbm=shop"
        },
    {
      "foto": "images/produk/product_espresso.jpg",
      "nama": "Pahit Arabica",
      "size": "100 Gram",
      "harga": "30.000",
      "link": "https://www.google.com/search?q=pahit+arabica&tbm=shop"
        },
    {
      "foto": "images/produk/product_latte.jpg",
      "nama": "Latte Arabica",
      "size": "150 Gram",
      "harga": "30.000",
      "link": "https://www.google.com/search?q=latte+arabica&tbm=shop"
        }
    ],
  "robusta": [
    {
      "foto": "images/produk/product_kopi_susu.jpg",
      "nama": "Kopsus Robusta",
      "size": "100 Gram",
      "harga": "500.000",
      "link": "https://www.google.com/search?q=kopi+susu+robusta&tbm=shop"
        },
    {
      "foto": "images/produk/product_latte.jpg",
      "nama": "Latte Robusta",
      "size": "150 Gram",
      "harga": "150.000",
      "link": "https://www.google.com/search?q=latte+robusta&tbm=shop"
        }
    ],
  "nonkopi": [
    {
      "foto": "https://fibercreme.com/wp-content/uploads/2021/04/Dawet-Durian-1.jpg",
      "nama": "Es Dawet Duren",
      "size": "200 ml",
      "harga": "20.000",
      "link": "https://www.google.com/search?q=kopi+susu+robusta&tbm=shop"
        },
    {
      "foto": "images/produk/product_latte.jpg",
      "nama": "Nonkopi 2",
      "size": "150 Gram",
      "harga": "15.000",
      "link": "https://www.google.com/search?q=latte+robusta&tbm=shop"
        }
    ]
}